lat,lon,site
21.468,-158.2205,3
21.4705,-157.8295,5
21.262,-157.8235,6
21.4323,-157.7916,9
21.559,-157.8585,11
21.462,-158.2135,12
21.4165,-157.773,15
21.534,-157.836,17
21.273993,-157.751508,22
21.428,-157.7665,26
21.277498,-157.745501,30
21.634507,-158.070508,31
21.4695,-157.831,32
21.425,-157.7905,33
21.425,-158.1815,34
21.3705,-158.1405,35
21.428,-157.7965,36
21.378,-158.1455,38
21.4375,-157.805,39
21.4175,-157.733,42
21.4255,-157.772,43
21.3745,-158.1435,47
21.4555,-157.8225,48
21.361,-158.1365,51
21.2795,-157.842,53
21.280015,-157.838506,54
21.3035,-157.888,56
21.386,-157.7095,57
21.3015,-158.047,60
21.471,-157.831,63
21.3295,-157.681,67
21.302,-157.8945,68
21.2985,-158.051,72
21.2839,-157.8505,73
21.547,-158.242,74
21.3081,-158.008,75
21.3855,-157.708,76
21.391,-157.7135,77
21.327,-157.681,79
21.264,-157.7765,80
21.298,-157.8715,82
21.4225,-157.7415,85
21.2555,-157.7895,94
21.422,-157.767,97
21.3505,-157.7005,98
21.617498,-158.092,100
21.3345,-157.678,102
21.326,-157.6785,103
21.3043,-158.01,106
21.3375,-157.6855,108
21.4295,-157.7965,109
21.463,-157.827,111
21.401,-158.179,114
21.2555,-157.812,115
21.5801,-158.2159,116
21.2995,-157.8775,118
21.261,-157.785005,119
21.279504,-157.733999,121
21.374,-157.7035,124
21.395,-157.7165,125
21.403,-157.722,128
21.4845,-157.8255,129
21.442,-157.799,130
21.465,-157.8225,131
21.417,-157.7725,132
21.302,-158.029,137
21.422,-157.766,139
21.477,-157.8275,141
21.275495,-157.74151,146
21.3425,-157.6915,152
21.6655,-157.9295,153
21.277019,-157.836056,154
21.4245,-157.7415,160
21.299,-157.879,165
21.403,-157.7325,166
21.4307,-157.7936,169
21.5075,-157.832,170
21.336,-157.688,172
21.2825,-157.848001,173
21.375,-157.703,174
21.337,-158.128,180
21.4615,-157.8135,182
21.429,-157.7655,183
21.429,-157.7655,184
21.3015,-157.893,187
21.5425,-157.8415,189
21.6625,-157.929,190
21.5065,-157.8395,193
21.443,-157.8065,197
21.522,-157.829,204
21.332,-157.68,214
21.2535,-157.8095,215
21.404,-157.7295,216
21.306,-158.0185,219
21.4675,-157.823,223
21.4035,-157.7215,225
21.467,-157.8315,226
21.259,-157.821,227
21.550003,-158.246505,230
21.45,-157.813,237
21.2895,-157.8665,240
21.461,-158.215,241
21.3505,-157.6995,243
21.587,-158.193,245
21.6065,-157.8975,246
21.304,-157.8965,250
21.3815,-157.7005,254
21.3535,-157.701,257
21.4285,-157.7965,260
21.683,-158.0375,263
21.254996,-157.803985,265
21.4155,-157.7775,266
21.377,-157.7025,267
21.277504,-157.733999,272
21.3875,-157.703,273
21.4835,-157.8225,274
21.3405,-157.697,276
21.4605,-157.827,277
21.5305,-158.232,278
21.586005,-158.201007,280
21.47,-157.8255,281
21.4595,-157.83,283
21.3315,-157.676,284
21.2585,-157.8195,285
21.4725,-157.83,290
21.3335,-157.679,291
21.395502,-157.711002,292
21.3385,-157.691,293
21.3855,-157.707,295
21.4685,-157.8295,297
21.377,-158.145,300
21.357,-158.132,301
21.4295,-157.8005,303
21.6225,-157.9145,304
21.6735,-158.0475,305
21.385,-158.1515,306
21.5155,-157.8275,307
21.5795,-157.8775,308
21.4275,-157.7905,309
21.4785,-157.816,310
21.384,-157.7055,311
21.5985,-157.8945,312
21.3,-157.8905,313
21.697,-158.0185,314
21.3635,-158.1345,317
21.3117,-157.988,318
21.405,-158.1785,319
21.359,-158.1345,321
21.4675,-157.8325,323
21.302,-157.891,324
21.2775,-157.741,325
21.5125,-157.828,326
21.446,-157.811,330
21.3915,-157.712,332
21.3,-158.053,336
21.416,-158.182,337
21.597,-157.895,338
21.661,-158.0585,339
21.255,-157.8115,341
21.4225,-157.7435,343
21.4885,-157.8295,344
21.4585,-157.799,345
21.328,-158.1235,347
21.588,-157.8865,348
21.602,-157.8965,349
21.3835,-157.697,350
21.4905,-157.839,351
21.33,-157.677,352
21.389,-157.7025,353
21.423,-157.787,354
21.4335,-157.8035,357
21.699,-158.0175,358
21.3045,-158.019,359
21.3285,-157.687,362
21.5587,-157.8698,365
21.4745,-158.221,366
21.5825,-158.2075,367
21.4425,-158.192,368
21.545,-157.843,370
21.694,-158.021,372
21.393,-157.7135,374
21.384,-158.151,376
21.362,-158.134,377
21.6095,-157.903,379
21.49,-158.232,380
21.46,-158.2085,381
21.5825,-158.1975,384
21.5055,-157.8405,385
21.33,-158.124,387
21.582,-158.1766,388
21.298,-157.8745,390
21.4745,-158.221,391
21.469,-157.8335,399
