lat,lon,site,original_lat,original_lon,model_lon,release_lat,release_lon,shift_km,offshore_bearing,current_valid,relocation_status,model_grid_lat_index,model_grid_lon_index,model_grid_lat,model_grid_lon,model_cell
21.468,-158.2205,3.0,21.468,-158.2205,201.7795,21.462682116694836,201.7785174221284,0.6000000000000001,189.75693919944396,True,shifted,552,1178,21.460075439264376,201.77403224314168,552_1178
21.4705,-157.8295,5.0,21.4705,-157.8295,202.1705,21.46299374317277,202.17582239940384,1.0,146.57923606066117,True,shifted,552,1218,21.460075439264376,202.17376032573898,552_1218
21.262,-157.8235,6.0,21.262,-157.8235,202.1765,21.26077121861126,202.170862105612,0.6000000000000001,256.8379252606613,True,shifted,572,1218,21.260071109980345,202.17376032573898,572_1218
21.4323,-157.7916,9.0,21.4323,-157.7916,202.2084,21.4323,202.2084,0.0,,True,already_wet,555,1221,21.43007478987177,202.20373993193377,555_1221
21.559,-157.8585,11.0,21.559,-157.8585,202.1415,21.567595954005213,202.13865768232944,1.0,342.9070434426516,True,shifted,541,1214,21.570077820370592,202.13378751747925,541_1214
21.462,-158.2135,12.0,21.462,-158.2135,201.7865,21.460742600613862,201.78086168361264,0.6000000000000001,256.52565897393754,True,shifted,552,1179,21.460075439264376,201.78402544520662,552_1179
21.4165,-157.773,15.0,21.4165,-157.773,202.227,21.42727576257148,202.22763293467304,1.2,3.129650717349591,True,shifted,555,1223,21.43007478987177,202.22372633606363,555_1223
21.534,-157.836,17.0,21.534,-157.836,202.164,21.53088932216508,202.1751091311713,1.2,106.7507571425342,True,shifted,545,1218,21.530076954513788,202.17376032573898,545_1218
21.273993,-157.751508,22.0,21.273993,-157.751508,202.248492,21.271058223944564,202.25554107389755,0.8,114.07266306917722,True,shifted,571,1226,21.270071326444544,202.25370594225842,571_1226
21.428,-157.7665,26.0,21.428,-157.7665,202.2335,21.429315729864506,202.22990334156705,0.4,291.45478583548095,True,shifted,555,1224,21.43007478987177,202.23371953812855,555_1224
21.277498,-157.745501,30.0,21.277498,-157.745501,202.254499,21.272515742093013,202.256722529306,0.6000000000000001,157.41840767927715,True,shifted,571,1226,21.270071326444544,202.25370594225842,571_1226
21.634507,-158.070508,31.0,21.634507,-158.070508,201.929492,21.637992736063676,201.9285357418948,0.4,345.69430482297844,True,shifted,534,1193,21.640079335620005,201.92393027411566,534_1193
21.4695,-157.831,32.0,21.4695,-157.831,202.169,21.462746226347267,202.1753810148825,1.0,138.67463791900752,True,shifted,552,1218,21.460075439264376,202.17376032573898,552_1218
21.425,-157.7905,33.0,21.425,-157.7905,202.2095,21.428434881774088,202.2083519850169,0.4,342.7180923833358,True,shifted,555,1221,21.43007478987177,202.20373993193377,555_1221
21.425,-158.1815,34.0,21.425,-158.1815,201.8185,21.420982529370065,201.80985685488008,1.0,243.4679914042694,True,shifted,556,1182,21.420074573407568,201.8140050514014,556_1182
21.3705,-158.1405,35.0,21.3705,-158.1405,201.8595,21.361587386406185,201.85820998461267,1.0,187.6770165255496,True,shifted,562,1186,21.36007327462236,201.85397785966114,562_1186
21.428,-157.7965,36.0,21.428,-157.7965,202.2035,21.428,202.2035,0.0,,True,already_wet,555,1221,21.43007478987177,202.20373993193377,555_1221
21.378,-158.1455,38.0,21.378,-158.1455,201.8545,21.37230325553356,201.8497812149536,0.8,217.6457510034935,True,shifted,561,1186,21.37007349108656,201.85397785966114,561_1186
21.4375,-157.805,39.0,21.4375,-157.805,202.195,21.4375,202.195,0.0,,True,already_wet,554,1220,21.440075006335974,202.19374672986885,554_1220
21.4175,-157.733,42.0,21.4175,-157.733,202.267,21.41974370774567,202.27635490565916,1.0,75.55102085794914,True,shifted,556,1228,21.420074573407568,202.2736923463883,556_1228
21.4255,-157.772,43.0,21.4255,-157.772,202.228,21.4255,202.228,0.0,,True,already_wet,555,1223,21.43007478987177,202.22372633606363,555_1223
21.3745,-158.1435,47.0,21.3745,-158.1435,201.8565,21.371021917175728,201.84973689453236,0.8,241.09147572085783,True,shifted,561,1186,21.37007349108656,201.85397785966114,561_1186
21.4555,-157.8225,48.0,21.4555,-157.8225,202.1775,21.4555,202.1775,0.0,,True,already_wet,552,1218,21.460075439264376,202.17376032573898,552_1218
21.361,-158.1365,51.0,21.361,-158.1365,201.8635,21.36038057002915,201.8596950696963,0.4,260.08530441337973,True,shifted,562,1187,21.36007327462236,201.8639710617261,562_1187
21.2795,-157.842,53.0,21.2795,-157.842,202.158,21.272306436050226,202.1578707047277,0.8,180.9595649059736,True,shifted,571,1216,21.270071326444544,202.15377392160912,571_1216
21.280015,-157.838506,54.0,21.280015,-157.838506,202.161494,21.273216705549,202.1589669578523,0.8,199.1055526030877,True,shifted,571,1217,21.270071326444544,202.16376712367403,571_1217
21.3035,-157.888,56.0,21.3035,-157.888,202.112,21.307646307130717,202.1157064571137,0.6000000000000001,39.78765873599133,True,shifted,567,1212,21.31007219230135,202.11380111334938,567_1212
21.386,-157.7095,57.0,21.386,-157.7095,202.2905,21.397337804678763,202.2963800184253,1.4,25.774461212081803,True,shifted,558,1230,21.400074140479166,202.29367875051815,558_1230
21.3015,-158.047,60.0,21.3015,-158.047,201.953,21.293169377500984,201.95663635091853,1.0,157.86803833792703,True,shifted,569,1196,21.29007175937295,201.95390988031048,569_1196
21.471,-157.831,63.0,21.471,-157.831,202.169,21.46240028983538,202.1760059056156,1.2,142.8309694461626,True,shifted,552,1218,21.460075439264376,202.17376032573898,552_1218
21.3295,-157.681,67.0,21.3295,-157.681,202.319,21.336613037733507,202.3249077561128,1.0,37.726071629148464,True,shifted,564,1233,21.340072841693956,202.32365835671297,564_1233
21.302,-157.8945,68.0,21.302,-157.8945,202.1055,21.29315904762282,202.10726866441237,1.0,169.4414044219701,True,shifted,569,1211,21.29007175937295,202.10380791128443,569_1211
21.2985,-158.051,72.0,21.2985,-158.051,201.949,21.293408213531464,201.9544553826989,0.8,135.04920796012982,True,shifted,569,1196,21.29007175937295,201.95390988031048,569_1196
21.2839,-157.8505,73.0,21.2839,-157.8505,202.1495,21.2839,202.1495,0.0,,True,already_wet,570,1216,21.280071542908747,202.15377392160912,570_1216
21.547,-158.242,74.0,21.547,-158.242,201.758,21.541604255626957,201.7580480720515,0.6000000000000001,179.5252034765806,True,shifted,544,1176,21.540077170977987,201.75404583901184,544_1176
21.3081,-158.008,75.0,21.3081,-158.008,201.992,21.292265018522983,201.98839232965364,1.8,191.984734560167,True,shifted,569,1199,21.29007175937295,201.98388948650526,569_1199
21.3855,-157.708,76.0,21.3855,-157.708,202.292,21.389245517413187,202.30490947154505,1.4,72.6908858895062,True,shifted,559,1231,21.390073924014963,202.3036719525831,559_1231
21.391,-157.7135,77.0,21.391,-157.7135,202.2865,21.3980460432091,202.2952791634027,1.2,49.23752246416467,True,shifted,558,1230,21.400074140479166,202.29367875051815,558_1230
21.327,-157.681,79.0,21.327,-157.681,202.319,21.33767199466283,202.3261718894916,1.4,32.044669675276,True,shifted,564,1233,21.340072841693956,202.32365835671297,564_1233
21.264,-157.7765,80.0,21.264,-157.7765,202.2235,21.264,202.2235,0.0,,True,already_wet,572,1223,21.260071109980345,202.22372633606363,572_1223
21.298,-157.8715,82.0,21.298,-157.8715,202.1285,21.298,202.1285,0.0,,True,already_wet,568,1213,21.30007197583715,202.1237943154143,568_1213
21.4225,-157.7415,85.0,21.4225,-157.7415,202.2585,21.42036739218805,202.27573747490703,1.8,97.56710577060858,True,shifted,556,1228,21.420074573407568,202.2736923463883,556_1228
21.2555,-157.7895,94.0,21.2555,-157.7895,202.2105,21.252239774012534,202.20886871809276,0.4,205.001151571873,True,shifted,573,1222,21.250070893516142,202.2137331339987,573_1222
21.422,-157.767,97.0,21.422,-157.767,202.233,21.428163758076344,202.22901374338664,0.8,328.95136843385217,True,shifted,555,1224,21.43007478987177,202.23371953812855,555_1224
21.3505,-157.7005,98.0,21.3505,-157.7005,202.2995,21.35016258432208,202.31494516327,1.6,91.34085864713352,True,shifted,563,1232,21.35007305815816,202.31366515464802,563_1232
21.617498,-158.092,100.0,21.617498,-158.092,201.908,21.619424049961783,201.900543525212,0.8,285.5293418792868,True,shifted,536,1191,21.620078902691603,201.9039438699858,536_1191
21.3345,-157.678,102.0,21.3345,-157.678,202.322,21.33709399410325,202.32467570275756,0.4,43.85434999862014,True,shifted,564,1233,21.340072841693956,202.32365835671297,564_1233
21.326,-157.6785,103.0,21.326,-157.6785,202.3215,21.337628263917534,202.32668250201615,1.4,22.544720435726617,True,shifted,564,1233,21.340072841693956,202.32365835671297,564_1233
21.3043,-158.01,106.0,21.3043,-158.01,201.99,21.29182610103565,201.98816512379952,1.4,187.80416096926905,True,shifted,569,1199,21.29007175937295,201.98388948650526,569_1199
21.3375,-157.6855,108.0,21.3375,-157.6855,202.3145,21.33971054771456,202.32584046621392,1.2,78.17811155976472,True,shifted,564,1233,21.340072841693956,202.32365835671297,564_1233
21.4295,-157.7965,109.0,21.4295,-157.7965,202.2035,21.4295,202.2035,0.0,,True,already_wet,555,1221,21.43007478987177,202.20373993193377,555_1221
21.463,-157.827,111.0,21.463,-157.827,202.173,21.463,202.173,0.0,,True,already_wet,552,1218,21.460075439264376,202.17376032573898,552_1218
21.401,-158.179,114.0,21.401,-158.179,201.821,21.39228753898416,201.8186053923411,1.0,194.35467868070285,True,shifted,559,1182,21.390073924014963,201.8140050514014,559_1182
21.2555,-157.812,115.0,21.2555,-157.812,202.188,21.251904530484925,202.18787733927223,0.4,181.8211270451308,True,shifted,573,1219,21.250070893516142,202.1837535278039,573_1219
21.5801,-158.2159,116.0,21.5801,-158.2159,201.7841,21.58685112162009,201.7867743292542,0.8,20.22105677199164,True,shifted,539,1179,21.590078253298998,201.78402544520662,539_1179
21.2995,-157.8775,118.0,21.2995,-157.8775,202.1225,21.299925784264254,202.12633387971076,0.4,83.2016892489687,True,shifted,568,1213,21.30007197583715,202.1237943154143,568_1213
21.261,-157.785005,119.0,21.261,-157.785005,202.214995,21.25225832605276,202.21726131131055,1.0,166.41636163961073,True,shifted,573,1222,21.250070893516142,202.2137331339987,573_1222
21.279504,-157.733999,121.0,21.279504,-157.733999,202.266001,21.272418957267416,202.2673430911952,0.8,169.9892877582181,True,shifted,571,1227,21.270071326444544,202.26369914432337,571_1227
21.374,-157.7035,124.0,21.374,-157.7035,202.2965,21.38753657445102,202.3060333578361,1.8,33.25503551440704,True,shifted,559,1231,21.390073924014963,202.3036719525831,559_1231
21.395,-157.7165,125.0,21.395,-157.7165,202.2835,21.39948585793449,202.29613515971877,1.4,69.1252284062059,True,shifted,558,1230,21.400074140479166,202.29367875051815,558_1230
21.403,-157.722,128.0,21.403,-157.722,202.278,21.4085121344508,202.2856324259636,1.0,52.197567996467,True,shifted,557,1229,21.41007435694337,202.28368554845324,557_1229
21.4845,-157.8255,129.0,21.4845,-157.8255,202.1745,21.463090179289363,202.17743827604076,2.4000000000000004,172.72143613590083,True,shifted,552,1218,21.460075439264376,202.17376032573898,552_1218
21.442,-157.799,130.0,21.442,-157.799,202.201,21.442,202.201,0.0,,True,already_wet,554,1221,21.440075006335974,202.20373993193377,554_1221
21.465,-157.8225,131.0,21.465,-157.8225,202.1775,21.465,202.1775,0.0,,True,already_wet,552,1218,21.460075439264376,202.17376032573898,552_1218
21.417,-157.7725,132.0,21.417,-157.7725,202.2275,21.42778928817536,202.2277530388645,1.2,1.250665558343428,True,shifted,555,1223,21.43007478987177,202.22372633606363,555_1223
21.302,-158.029,137.0,21.302,-158.029,201.971,21.293256113489317,201.9687429083248,1.0,193.52348636710448,True,shifted,569,1197,21.29007175937295,201.9639030823754,569_1197
21.422,-157.766,139.0,21.422,-157.766,202.234,21.427847525101303,202.2294973976837,0.8,324.368172275416,True,shifted,555,1224,21.43007478987177,202.23371953812855,555_1224
21.477,-157.8275,141.0,21.477,-157.8275,202.1725,21.463199789871013,202.17687833874496,1.6,163.54993223991391,True,shifted,552,1218,21.460075439264376,202.17376032573898,552_1218
21.275495,-157.74151,146.0,21.275495,-157.74151,202.25849,21.27192418656254,202.2580225298964,0.4,186.95542352258045,True,shifted,571,1226,21.270071326444544,202.25370594225842,571_1226
21.3425,-157.6915,152.0,21.3425,-157.6915,202.3085,21.34724167647067,202.3143094403152,0.8,48.77049495352048,True,shifted,563,1232,21.35007305815816,202.31366515464802,563_1232
21.6655,-157.9295,153.0,21.6655,-157.9295,202.0705,21.668492841146566,202.07533122086463,0.6000000000000001,56.31264037117143,True,shifted,531,1208,21.67007998501261,202.07382830508965,531_1208
21.277019,-157.836056,154.0,21.277019,-157.836056,202.163944,21.272861287534464,202.16025306091345,0.6000000000000001,219.5993832077621,True,shifted,571,1217,21.270071326444544,202.16376712367403,571_1217
21.4245,-157.7415,160.0,21.4245,-157.7415,202.2585,21.43811290498744,202.24908957210891,1.8,327.24087920192665,True,shifted,554,1226,21.440075006335974,202.25370594225842,554_1226
21.299,-157.879,165.0,21.299,-157.879,202.121,21.299606128315524,202.12480580682245,0.4,80.2989249011789,True,shifted,568,1213,21.30007197583715,202.1237943154143,568_1213
21.403,-157.7325,166.0,21.403,-157.7325,202.2675,21.41710642721573,202.2760291900856,1.8,29.37390587857101,True,shifted,556,1228,21.420074573407568,202.2736923463883,556_1228
21.4307,-157.7936,169.0,21.4307,-157.7936,202.2064,21.4307,202.2064,0.0,,True,already_wet,555,1221,21.43007478987177,202.20373993193377,555_1221
21.5075,-157.832,170.0,21.5075,-157.832,202.168,21.50974714053015,202.1852309839706,1.8,82.01744349557777,True,shifted,547,1219,21.510076521585383,202.1837535278039,547_1219
21.336,-157.688,172.0,21.336,-157.688,202.312,21.3477590542136,202.31683075530975,1.4,20.93798787710915,True,shifted,563,1232,21.35007305815816,202.31366515464802,563_1232
21.2825,-157.848001,173.0,21.2825,-157.848001,202.151999,21.2825,202.151999,0.0,,True,already_wet,570,1216,21.280071542908747,202.15377392160912,570_1216
21.375,-157.703,174.0,21.375,-157.703,202.297,21.386965519919197,202.30558280720123,1.6,33.738525552992314,True,shifted,559,1231,21.390073924014963,202.3036719525831,559_1231
21.337,-158.128,180.0,21.337,-158.128,201.872,21.33948048355776,201.8607240960358,1.2,283.290154242421,True,shifted,564,1187,21.340072841693956,201.8639710617261,564_1187
21.4615,-157.8135,182.0,21.4615,-157.8135,202.1865,21.4615,202.1865,0.0,,True,already_wet,552,1219,21.460075439264376,202.1837535278039,552_1219
21.429,-157.7655,183.0,21.429,-157.7655,202.2345,21.42962110920837,202.23069359965623,0.4,279.9432366182361,True,shifted,555,1224,21.43007478987177,202.23371953812855,555_1224
21.429,-157.7655,184.0,21.429,-157.7655,202.2345,21.42962110920837,202.23069359965623,0.4,279.9432366182361,True,shifted,555,1224,21.43007478987177,202.23371953812855,555_1224
21.3015,-157.893,187.0,21.3015,-157.893,202.107,21.292529714764477,202.10768884973425,1.0,175.90743540037874,True,shifted,569,1211,21.29007175937295,202.10380791128443,569_1211
21.5425,-157.8415,189.0,21.5425,-157.8415,202.1585,21.54722092268683,202.1643368883952,0.8,48.989871784471234,True,shifted,543,1217,21.55007738744219,202.16376712367403,543_1217
21.6625,-157.929,190.0,21.6625,-157.929,202.071,21.66661838992391,202.0747513844978,0.6000000000000001,40.24863013950994,True,shifted,531,1208,21.67007998501261,202.07382830508965,531_1208
21.5065,-157.8395,193.0,21.5065,-157.8395,202.1605,21.509758913237917,202.18538714525192,2.6000000000000005,81.98376458410337,True,shifted,547,1219,21.510076521585383,202.1837535278039,547_1219
21.443,-157.8065,197.0,21.443,-157.8065,202.1935,21.443,202.1935,0.0,,True,already_wet,554,1220,21.440075006335974,202.19374672986885,554_1220
21.522,-157.829,204.0,21.522,-157.829,202.171,21.527650214704508,202.17578777510053,0.8,38.24661535073199,True,shifted,545,1218,21.530076954513788,202.17376032573898,545_1218
21.332,-157.68,214.0,21.332,-157.68,202.32,21.33735867170154,202.3251538670754,0.8,41.855303103707854,True,shifted,564,1233,21.340072841693956,202.32365835671297,564_1233
21.2535,-157.8095,215.0,21.2535,-157.8095,202.1905,21.2535,202.1905,0.0,,True,already_wet,573,1220,21.250070893516142,202.19374672986885,573_1220
21.404,-157.7295,216.0,21.404,-157.7295,202.2705,21.409073676319657,202.2849626867848,1.6,69.35066496658277,True,shifted,557,1229,21.41007435694337,202.28368554845324,557_1229
21.306,-158.0185,219.0,21.306,-158.0185,201.9815,21.29191972220541,201.97831726378723,1.6,191.89344190474324,True,shifted,569,1198,21.29007175937295,201.97389628444034,569_1198
21.4675,-157.823,223.0,21.4675,-157.823,202.177,21.462133207090897,202.1776017257443,0.6000000000000001,174.04298746644338,True,shifted,552,1218,21.460075439264376,202.17376032573898,552_1218
21.4035,-157.7215,225.0,21.4035,-157.7215,202.2785,21.40785452578416,202.2846514565871,0.8,52.75193793917873,True,shifted,557,1229,21.41007435694337,202.28368554845324,557_1229
21.467,-157.8315,226.0,21.467,-157.8315,202.1685,21.46254151543246,202.1745673912628,0.8,128.2931989134588,True,shifted,552,1218,21.460075439264376,202.17376032573898,552_1218
21.259,-157.821,227.0,21.259,-157.821,202.179,21.25185994676138,202.1780514374405,0.8,187.0582445742681,True,shifted,573,1218,21.250070893516142,202.17376032573898,573_1218
21.550003,-158.246505,230.0,21.550003,-158.246505,201.753495,21.55007443152529,201.7496281166212,0.4,271.1385105794088,True,shifted,543,1176,21.55007738744219,201.75404583901184,543_1176
21.45,-157.813,237.0,21.45,-157.813,202.187,21.45,202.187,0.0,,True,already_wet,553,1219,21.450075222800173,202.1837535278039,553_1219
21.2895,-157.8665,240.0,21.2895,-157.8665,202.1335,21.289904173776264,202.12966368783103,0.4,276.45179591059247,True,shifted,569,1214,21.29007175937295,202.13378751747925,569_1214
21.461,-158.215,241.0,21.461,-158.215,201.785,21.46026332561692,201.77925638416525,0.6000000000000001,262.1542908245658,True,shifted,552,1179,21.460075439264376,201.78402544520662,552_1179
21.3505,-157.6995,243.0,21.3505,-157.6995,202.3005,21.350142929871552,202.31594465283,1.6,91.41914311050442,True,shifted,563,1232,21.35007305815816,202.31366515464802,563_1232
21.587,-158.193,245.0,21.587,-158.193,201.807,21.587,201.807,0.0,,True,already_wet,539,1181,21.590078253298998,201.8040118493365,539_1181
21.6065,-157.8975,246.0,21.6065,-157.8975,202.1025,21.60859614967694,202.10564442652895,0.4,54.358536661372,True,shifted,537,1211,21.6100786862274,202.10380791128443,537_1211
21.304,-157.8965,250.0,21.304,-157.8965,202.1035,21.29192208956332,202.10731661634324,1.4,163.59391558862978,True,shifted,569,1211,21.29007175937295,202.10380791128443,569_1211
21.3815,-157.7005,254.0,21.3815,-157.7005,202.2995,21.38684798464983,202.30466839108445,0.8,41.98268965407544,True,shifted,559,1231,21.390073924014963,202.3036719525831,559_1231
21.3535,-157.701,257.0,21.3535,-157.701,202.299,21.350425353540533,202.3160643892865,1.8,100.94595195267289,True,shifted,563,1232,21.35007305815816,202.31366515464802,563_1232
21.4285,-157.7965,260.0,21.4285,-157.7965,202.2035,21.4285,202.2035,0.0,,True,already_wet,555,1221,21.43007478987177,202.20373993193377,555_1221
21.683,-158.0375,263.0,21.683,-158.0375,201.9625,21.6876298258384,201.95951750037847,0.6000000000000001,329.0957540275916,True,shifted,529,1197,21.69008041794101,201.9639030823754,529_1197
21.254996,-157.803985,265.0,21.254996,-157.803985,202.196015,21.254996,202.196015,0.0,,True,already_wet,573,1220,21.250070893516142,202.19374672986885,573_1220
21.4155,-157.7775,266.0,21.4155,-157.7775,202.2225,21.427553847499865,202.2185934396991,1.4,343.21195850209807,True,shifted,555,1222,21.43007478987177,202.2137331339987,555_1222
21.377,-157.7025,267.0,21.377,-157.7025,202.2975,21.387150340203647,202.30549988407452,1.4,36.27318168603813,True,shifted,559,1231,21.390073924014963,202.3036719525831,559_1231
21.277504,-157.733999,272.0,21.277504,-157.733999,202.266001,21.272238784331467,202.26726782524412,0.6000000000000001,167.36270792029018,True,shifted,571,1227,21.270071326444544,202.26369914432337,571_1227
21.3875,-157.703,273.0,21.3875,-157.703,202.297,21.389744715783163,202.3063527069578,1.0,75.5443915162457,True,shifted,559,1231,21.390073924014963,202.3036719525831,559_1231
21.4835,-157.8225,274.0,21.4835,-157.8225,202.1775,21.46191805747132,202.17779753152408,2.4000000000000004,179.26492310798835,True,shifted,552,1218,21.460075439264376,202.17376032573898,552_1218
21.3405,-157.697,276.0,21.3405,-157.697,202.303,21.348701739280266,202.3156934856724,1.6,55.24782183963856,True,shifted,563,1232,21.35007305815816,202.31366515464802,563_1232
21.4605,-157.827,277.0,21.4605,-157.827,202.173,21.4605,202.173,0.0,,True,already_wet,552,1218,21.460075439264376,202.17376032573898,552_1218
21.5305,-158.232,278.0,21.5305,-158.232,201.768,21.5305,201.768,0.0,,True,already_wet,545,1177,21.530076954513788,201.76403904107676,545_1177
21.586005,-158.201007,280.0,21.586005,-158.201007,201.798993,21.586005,201.798993,0.0,,True,already_wet,539,1180,21.590078253298998,201.79401864727154,539_1180
21.47,-157.8255,281.0,21.47,-157.8255,202.1745,21.46313760414078,202.17682195059945,0.8,162.52103371479518,True,shifted,552,1218,21.460075439264376,202.17376032573898,552_1218
21.4595,-157.83,283.0,21.4595,-157.83,202.17,21.45994182723047,202.1757783979588,0.6000000000000001,85.30221591244464,True,shifted,552,1218,21.460075439264376,202.17376032573898,552_1218
21.3315,-157.676,284.0,21.3315,-157.676,202.324,21.338162242097724,202.32691577163683,0.8,22.178409952093432,True,shifted,564,1233,21.340072841693956,202.32365835671297,564_1233
21.2585,-157.8195,285.0,21.2585,-157.8195,202.1805,21.25332907876588,202.178845487648,0.6000000000000001,196.60475743183588,True,shifted,573,1219,21.250070893516142,202.1837535278039,573_1219
21.4725,-157.83,290.0,21.4725,-157.83,202.17,21.46321149780946,202.17590395499667,1.2,149.39365676121992,True,shifted,552,1218,21.460075439264376,202.17376032573898,552_1218
21.3335,-157.679,291.0,21.3335,-157.679,202.321,21.337395628085687,202.3250083569656,0.6000000000000001,43.78299627771668,True,shifted,564,1233,21.340072841693956,202.32365835671297,564_1233
21.395502,-157.711002,292.0,21.395502,-157.711002,202.288998,21.399017665305443,202.29573978881643,0.8,60.74654135962652,True,shifted,558,1230,21.400074140479166,202.29367875051815,558_1230
21.3385,-157.691,293.0,21.3385,-157.691,202.309,21.34731268764481,202.3156876735781,1.2,35.252399022630755,True,shifted,563,1232,21.35007305815816,202.31366515464802,563_1232
21.3855,-157.707,295.0,21.3855,-157.707,202.293,21.38947296054929,202.30583081955464,1.4,71.6035087399244,True,shifted,559,1231,21.390073924014963,202.3036719525831,559_1231
21.4685,-157.8295,297.0,21.4685,-157.8295,202.1705,21.46292876157448,202.17539156723169,0.8,140.74676554508966,True,shifted,552,1218,21.460075439264376,202.17376032573898,552_1218
21.377,-158.145,300.0,21.377,-158.145,201.855,21.373086809708283,201.85101033055452,0.6000000000000001,223.51428107276516,True,shifted,561,1186,21.37007349108656,201.85397785966114,561_1186
21.357,-158.132,301.0,21.357,-158.132,201.868,21.3592589974424,201.860665561624,0.8,288.3009651848904,True,shifted,562,1187,21.36007327462236,201.8639710617261,562_1187
21.4295,-157.8005,303.0,21.4295,-157.8005,202.1995,21.429914644549104,202.20527953396405,0.6000000000000001,85.59176549110265,True,shifted,555,1221,21.43007478987177,202.20373993193377,555_1221
21.6225,-157.9145,304.0,21.6225,-157.9145,202.0855,21.620679534869936,202.09497361923945,1.0,101.67714392487494,True,shifted,536,1210,21.620078902691603,202.09381470921952,536_1210
21.6735,-158.0475,305.0,21.6735,-158.0475,201.9525,21.678036746511,201.9493564145135,0.6000000000000001,327.2223106478749,True,shifted,530,1196,21.680080201476812,201.95390988031048,530_1196
21.385,-158.1515,306.0,21.385,-158.1515,201.8485,21.380986840141446,201.83985690951675,1.0,243.49868165888716,True,shifted,560,1185,21.380073707550764,201.84398465759622,560_1185
21.5155,-157.8275,307.0,21.5155,-157.8275,202.1725,21.519346381031188,202.18538670754475,1.4,72.20947266536552,True,shifted,546,1219,21.520076738049585,202.1837535278039,546_1219
21.5795,-157.8775,308.0,21.5795,-157.8775,202.1225,21.58763016661244,202.1266341360096,1.0,25.305844426247063,True,shifted,539,1213,21.590078253298998,202.1237943154143,539_1213
21.4275,-157.7905,309.0,21.4275,-157.7905,202.2095,21.4275,202.2095,0.0,,True,already_wet,555,1222,21.43007478987177,202.2137331339987,555_1222
21.4785,-157.816,310.0,21.4785,-157.816,202.184,21.46260920546885,202.1873167745449,1.8,169.00720321095275,True,shifted,552,1219,21.460075439264376,202.1837535278039,552_1219
21.384,-157.7055,311.0,21.384,-157.7055,202.2945,21.38875367262444,202.3049049473998,1.2,63.86315164181849,True,shifted,559,1231,21.390073924014963,202.3036719525831,559_1231
21.5985,-157.8945,312.0,21.5985,-157.8945,202.1055,21.599736211123144,202.11508057304363,1.0,82.09731929841837,True,shifted,538,1212,21.600078469763197,202.11380111334938,538_1212
21.3,-157.8905,313.0,21.3,-157.8905,202.1095,21.292889975727988,202.1083196563952,0.8,188.79275730516676,True,shifted,569,1211,21.29007175937295,202.10380791128443,569_1211
21.697,-158.0185,314.0,21.697,-158.0185,201.9815,21.699566226973506,201.97021831669832,1.2,283.7583945929279,True,shifted,528,1198,21.700080634405214,201.97389628444034,528_1198
21.3635,-158.1345,317.0,21.3635,-158.1345,201.8655,21.361148653088023,201.8602850410575,0.6000000000000001,244.1670901109088,True,shifted,562,1187,21.36007327462236,201.8639710617261,562_1187
21.3117,-157.988,318.0,21.3117,-157.988,202.012,21.29221733550589,202.0083012888864,2.2,190.0311627269588,True,shifted,569,1201,21.29007175937295,202.00387589063513,569_1201
21.405,-158.1785,319.0,21.405,-158.1785,201.8215,21.40109607181582,201.81069377102463,1.2,248.79441656826128,True,shifted,558,1182,21.400074140479166,201.8140050514014,558_1182
21.359,-158.1345,321.0,21.359,-158.1345,201.8655,21.35983506759926,201.8597759146029,0.6000000000000001,278.90385015669665,True,shifted,562,1187,21.36007327462236,201.8639710617261,562_1187
21.4675,-157.8325,323.0,21.4675,-157.8325,202.1675,21.46203819696788,202.17517716002305,1.0,127.3949133196062,True,shifted,552,1218,21.460075439264376,202.17376032573898,552_1218
21.302,-157.891,324.0,21.302,-157.891,202.109,21.30701951991236,202.1145323143034,0.8,45.75771505486466,True,shifted,567,1212,21.31007219230135,202.11380111334938,567_1212
21.2775,-157.741,325.0,21.2775,-157.741,202.259,21.272167505537467,202.25811470767357,0.6000000000000001,188.7943526276385,True,shifted,571,1226,21.270071326444544,202.25370594225842,571_1226
21.5125,-157.828,326.0,21.5125,-157.828,202.172,21.510488877436742,202.18535940545945,1.4,99.18896717785913,True,shifted,547,1219,21.510076521585383,202.1837535278039,547_1219
21.446,-157.811,330.0,21.446,-157.811,202.189,21.446,202.189,0.0,,True,already_wet,553,1220,21.450075222800173,202.19374672986885,553_1220
21.3915,-157.712,332.0,21.3915,-157.712,202.288,21.39765748093004,202.29503975134148,1.0,46.78821956597221,True,shifted,558,1230,21.400074140479166,202.29367875051815,558_1230
21.3,-158.053,336.0,21.3,-158.053,201.947,21.29317204654116,201.94071807879143,1.0,220.6044443923577,True,shifted,569,1195,21.29007175937295,201.94391667824553,569_1195
21.416,-158.182,337.0,21.416,-158.182,201.818,21.418892459337407,201.81092382172065,0.8,293.7066563155506,True,shifted,556,1182,21.420074573407568,201.8140050514014,556_1182
21.597,-157.895,338.0,21.597,-157.895,202.105,21.599694438417067,202.11623922093344,1.2,75.53975471237482,True,shifted,538,1212,21.600078469763197,202.11380111334938,538_1212
21.661,-158.0585,339.0,21.661,-158.0585,201.9415,21.661,201.9415,0.0,,True,already_wet,532,1195,21.660079768548407,201.94391667824553,532_1195
21.255,-157.8115,341.0,21.255,-157.8115,202.1885,21.255,202.1885,0.0,,True,already_wet,573,1219,21.250070893516142,202.1837535278039,573_1219
21.4225,-157.7435,343.0,21.4225,-157.7435,202.2565,21.437184240650897,202.24918095739469,1.8,335.1114570347236,True,shifted,554,1226,21.440075006335974,202.25370594225842,554_1226
21.4885,-157.8295,344.0,21.4885,-157.8295,202.1705,21.50719596229771,202.1855926167725,2.6000000000000005,36.90765558942496,True,shifted,547,1219,21.510076521585383,202.1837535278039,547_1219
21.4585,-157.799,345.0,21.4585,-157.799,202.201,21.451721704701963,202.1984086713439,0.8,199.58635949851015,True,shifted,553,1220,21.450075222800173,202.19374672986885,553_1220
21.328,-158.1235,347.0,21.328,-158.1235,201.8765,21.32293523867229,201.871014612222,0.8,225.2546293682733,True,shifted,566,1188,21.320072408765554,201.873964263791,566_1188
21.588,-157.8865,348.0,21.588,-157.8865,202.1135,21.598225248460277,202.11721133091856,1.2,18.648106699588084,True,shifted,538,1212,21.600078469763197,202.11380111334938,538_1212
21.602,-157.8965,349.0,21.602,-157.8965,202.1035,21.60681863514408,202.10611182043803,0.6000000000000001,26.745187545989324,True,shifted,537,1211,21.6100786862274,202.10380791128443,537_1211
21.3835,-157.697,350.0,21.3835,-157.697,202.303,21.38797012026632,202.30624574475377,0.6000000000000001,34.0621745035121,True,shifted,559,1231,21.390073924014963,202.3036719525831,559_1231
21.4905,-157.839,351.0,21.4905,-157.839,202.161,21.50819939134991,202.18538881586332,3.2000000000000006,52.041737440897805,True,shifted,547,1219,21.510076521585383,202.1837535278039,547_1219
21.33,-157.677,352.0,21.33,-157.677,202.323,21.338229577638195,202.3268933602128,1.0,23.781166578947875,True,shifted,564,1233,21.340072841693956,202.32365835671297,564_1233
21.389,-157.7025,353.0,21.389,-157.7025,202.2975,21.38981819476019,202.30517663929552,0.8,83.46857410831132,True,shifted,559,1231,21.390073924014963,202.3036719525831,559_1231
21.423,-157.787,354.0,21.423,-157.787,202.213,21.427556394794745,202.216105138997,0.6000000000000001,32.39030179142344,True,shifted,555,1222,21.43007478987177,202.2137331339987,555_1222
21.4335,-157.8035,357.0,21.4335,-157.8035,202.1965,21.437036441421053,202.19720778257764,0.4,10.552887442434042,True,shifted,554,1220,21.440075006335974,202.19374672986885,554_1220
21.699,-158.0175,358.0,21.699,-158.0175,201.9825,21.70739491279775,201.97902848479848,1.0,338.9832675643904,True,shifted,527,1199,21.710080850869417,201.98388948650526,527_1199
21.3045,-158.019,359.0,21.3045,-158.019,201.981,21.29215337107309,201.9783531541304,1.4,191.29588992530563,True,shifted,569,1198,21.29007175937295,201.97389628444034,569_1198
21.3285,-157.687,362.0,21.3285,-157.687,202.313,21.33774838521791,202.32483424915156,1.6,50.00189850208165,True,shifted,564,1233,21.340072841693956,202.32365835671297,564_1233
21.5587,-157.8698,365.0,21.5587,-157.8698,202.1302,21.56784034331551,202.13636922129808,1.2,32.11561975157224,True,shifted,541,1214,21.570077820370592,202.13378751747925,541_1214
21.4745,-158.221,366.0,21.4745,-158.221,201.779,21.47095763408624,201.77011729783047,1.0,246.80466731820744,True,shifted,551,1178,21.47007565572858,201.77403224314168,551_1178
21.5825,-158.2075,367.0,21.5825,-158.2075,201.7925,21.587230927014826,201.7897092235554,0.6000000000000001,331.2542914459026,True,shifted,539,1180,21.590078253298998,201.79401864727154,539_1180
21.4425,-158.192,368.0,21.4425,-158.192,201.808,21.44071051690155,201.80051338185115,0.8,255.59918470097284,True,shifted,554,1181,21.440075006335974,201.8040118493365,554_1181
21.545,-157.843,370.0,21.545,-157.843,202.157,21.54904160840226,202.1656375061125,1.0,63.29281158407503,True,shifted,543,1217,21.55007738744219,202.16376712367403,543_1217
21.694,-158.021,372.0,21.694,-158.021,201.979,21.69857054001268,201.97066426957315,1.0,300.5469354584027,True,shifted,528,1198,21.700080634405214,201.97389628444034,528_1198
21.393,-157.7135,374.0,21.393,-157.7135,202.2865,21.39801941635192,202.29451445135928,1.0,56.07171416413525,True,shifted,558,1230,21.400074140479166,202.29367875051815,558_1230
21.384,-158.151,376.0,21.384,-158.151,201.849,21.3808146587834,201.83996811096875,1.0,249.257605226188,True,shifted,560,1185,21.380073707550764,201.84398465759622,560_1185
21.362,-158.134,377.0,21.362,-158.134,201.866,21.36067444989759,201.86038358166863,0.6000000000000001,255.7803349245768,True,shifted,562,1187,21.36007327462236,201.8639710617261,562_1187
21.6095,-157.903,379.0,21.6095,-157.903,202.097,21.61003348890252,202.1066560675549,1.0,86.59736752760142,True,shifted,537,1211,21.6100786862274,202.10380791128443,537_1211
21.49,-158.232,380.0,21.49,-158.232,201.768,21.490079326552383,201.7602683714664,0.8,270.633165831677,True,shifted,549,1177,21.49007608865698,201.76403904107676,549_1177
21.46,-158.2085,381.0,21.46,-158.2085,201.7915,21.453163586602034,201.78909134326935,0.8,198.1552489411502,True,shifted,553,1180,21.450075222800173,201.79401864727154,553_1180
21.5825,-158.1975,384.0,21.5825,-158.1975,201.8025,21.58722717764108,201.79970188539608,0.6000000000000001,331.17162017976216,True,shifted,539,1181,21.590078253298998,201.8040118493365,539_1181
21.5055,-157.8405,385.0,21.5055,-157.8405,202.1595,21.50980240686393,202.1861676339136,2.8000000000000007,80.15733201294728,True,shifted,547,1219,21.510076521585383,202.1837535278039,547_1219
21.33,-158.124,387.0,21.33,-158.124,201.876,21.32283564153189,201.87016441838315,1.0,217.19059807818945,True,shifted,566,1188,21.320072408765554,201.873964263791,566_1188
21.582,-158.1766,388.0,21.582,-158.1766,201.8234,21.58675959612129,201.82613380911536,0.6000000000000001,28.106222956103466,True,shifted,539,1183,21.590078253298998,201.82399825346636,539_1183
21.298,-157.8745,390.0,21.298,-157.8745,202.1255,21.298,202.1255,0.0,,True,already_wet,568,1213,21.30007197583715,202.1237943154143,568_1213
21.4745,-158.221,391.0,21.4745,-158.221,201.779,21.47095763408624,201.77011729783047,1.0,246.80466731820744,True,shifted,551,1178,21.47007565572858,201.77403224314168,551_1178
21.469,-157.8335,399.0,21.469,-157.8335,202.1665,21.462064410753776,202.17538435922515,1.2,129.98947473895032,True,shifted,552,1218,21.460075439264376,202.17376032573898,552_1218
